id,run_id,datetime,reason
1,2,2026-09-23 16:41:35.714234+00:00,thought_loop
2,2,2026-09-23 16:41:54.758795+00:00,thought_loop
3,2,2026-09-23 16:42:16.108060+00:00,thought_loop
4,2,2026-09-23 16:42:30.570815+00:00,thought_loop
5,2,2026-09-23 16:43:48.784369+00:00,thought_loop
6,2,2026-09-23 16:44:10.484561+00:00,thought_loop
7,2,2026-09-23 16:44:30.739160+00:00,thought_loop
8,2,2026-09-23 16:44:53.443459+00:00,thought_loop
9,2,2026-09-23 16:45:10.851481+00:00,thought_loop
10,2,2026-09-23 16:45:36.668149+00:00,thought_loop
11,2,2026-09-23 16:45:59.347616+00:00,thought_loop
